{"cameraMode":{"drawMode":0,"name":"Shaded","section":"Shading Mode"},"sceneLighting":true,"audioPlay":false,"sceneViewState":{"m_AlwaysRefresh":false,"showFog":true,"showSkybox":true,"showFlares":true,"showImageEffects":true,"showParticleSystems":true,"showVisualEffectGraphs":true,"m_FxEnabled":true},"in2DMode":false,"pivot":{"x":4.650510787963867,"y":1.1544839143753052,"z":-3.5536699295043947},"rotation":{"x":-0.09924992173910141,"y":0.22223375737667085,"z":-0.022746384143829347,"w":-0.9696599841117859},"size":0.6053953766822815,"orthographic":true}